{"UUID":"4wqWtNfBHLHehiAoujtFCM","layoutMainAxisSizing":null,"layoutCrossAxisSizing":null,"name":"Untitled","isVisible":true,"boundaryRectangle":null,"style":null,"prototypeNodeUUID":null,"child":null,"constraints":null,"debug":false,"pngPath":"/usr/src/app/temp-out/pb-tmp-07336ef6-89c6-4100-a891-f86c435afb50/hello/lib/assets/images","pages":[{"UUID":"0:1","layoutMainAxisSizing":null,"layoutCrossAxisSizing":null,"name":"Page 1","isVisible":true,"boundaryRectangle":null,"style":null,"prototypeNodeUUID":null,"child":null,"constraints":null,"convert":true,"screens":[],"pbdlType":"page"}],"miscPages":[],"sharedStyles":[],"pbdlType":"project","azure_container_uri":"https://pbnestcore.blob.core.windows.net/4wqwtnfbhlhehiaoujtfcm"}